src,dst,weight
8,24,1.0
8,51,1.0
24,51,1.0
8,29,0.1111111111111111
24,29,0.1111111111111111
51,29,0.1111111111111111
31,29,0.6666666666666666
27,14,0.25
